mot_cle,auteur,texte,date
caisse d'Ã©pargne,noguesp.bsky.social,"BPCE est une banque de crevards. Fusion realisÃ©e sous sarkozy, avec un pote Ã  lui, qui a eu (lui aussi) de gros pb avec la justice. Groupe bancaire Ã  fuir (banque populaire et caisse dâ€™epargne)",2025-12-13T20:44:01.172Z
caisse d'Ã©pargne,coinfubi.bsky.social,"BPCE å°†åœ¨ 2026Â å¹´æ¨å‡ºé›¶å”®åŠ å¯†è´§å¸äº¤æ˜“

BPCE è®¡åˆ’é€šè¿‡å…¶ Banque Populaire ä¸ Caisse d'Ã‰pargne åº”ç”¨æä¾›é›¶å”®åŠ å¯†è´§å¸äº¤æ˜“ï¼Œæ”¯æŒ BTCã€ETHã€SOL ä¸ USDC çš„äº¤æ˜“ï¼Œèµ„äº§è´¦æˆ·ç”± Hexarq ç®¡ç†ã€‚",2025-12-12T11:19:44Z
caisse d'Ã©pargne,richbycoin.bsky.social,"BPCE to Roll Out Retail Crypto Trading byÂ 2026

BPCE plans to offer retail crypto trading via its Banque Populaire and Caisse d'Ã‰pargne apps, enabling BTC, ETH, SOL, and USDC trades with a Hexarq-managed asset account.",2025-12-12T11:18:16Z
caisse d'Ã©pargne,la-voix.mastodon.social.ap.brid.gy,"Comptes fermÃ©s et refus de virement : ces banques franÃ§aises qui empÃªchent la solidaritÃ© avec la #Palestine

Fermetures de compte, refus de virement, contrÃ´les renforcÃ©sâ€¦ Depuis presque deux ans, les organismes financiers multiplient les mesures restrictives [â€¦] 

[Original post on mastodon.social]",2025-12-10T14:19:10.000Z
caisse d'Ã©pargne,ytroncal.bsky.social,La Banque Populaire et la Caisse d'Ã‰pargne rendent l'achat de cryptos accessible via leurs applications www.generation-nt.com/actualites/b...,2025-12-09T20:26:40.109Z
caisse d'Ã©pargne,gigafessoux.bsky.social,Mon wrap de la caisse d'Ã©pargne : REVIS CES 78 FOIS OÃ™ TU AS FROLLÃ‰ LE DÃ‰COUVERT EN 2025 !,2025-12-09T13:32:26.788Z
caisse d'Ã©pargne,01net.com,"La Banque Populaire et la Caisse dâ€™Ã‰pargne permettent dâ€™acheter des cryptos, câ€™est une premiÃ¨re en France www.01net.com/actualites/p...",2025-12-09T10:02:22.500Z
caisse d'Ã©pargne,presse-citron.net,"Banque Populaire, Caisse dâ€™Ã‰pargneÂ : clients, vous pouvez acheter des cryptos â¡ï¸ www.presse-citron.net/banque-popul...",2025-12-08T13:36:16.298Z
caisse d'Ã©pargne,zonecrypto.bsky.social,"As per a report from The Big Whale, customers will be able to trade Bitcoin $BTC ($BTC), Ether $ETH ($ETH), Solana $SOL ($SOL), and $USDC directly within the Banque Populaire and Caisse dâ€™Ã‰pargne apps starting Monday.",2025-12-08T02:43:03.033792Z
caisse d'Ã©pargne,earlybirdsinvest.bsky.social,"French Banking Giant BPCE to Roll Out Crypto Trading for 2M RetailÂ Clients

Major French banking group BPCE is set to start offering crypto trading services to retail customers through its Banque Populaire and Caisse dâ€™Ã‰pargne apps starting Monday. Customers of four regional banks, including Banqueâ€¦",2025-12-07T02:48:56Z
mutual savings institution,joshkluever.bsky.social,"After his public service, Zophy served on the board of directors for the Commonwealth Mutual Savings Bank, a socialist-led institution, alongside Charles Whitnall. Zophy died of a heart attack in 1947.",2025-01-09T13:38:37.896Z
sociÃ©tÃ© mutuelle,mansion.im,J'Ã©tais en train de rÃ©flÃ©chir Ã  migrer ma sociÃ©tÃ© chez eux. Bon bah je vais garder notre mutuelle d'entreprise pour l'instant...,2025-12-11T15:11:28.088Z
sociÃ©tÃ© mutuelle,geometriquement.bsky.social,"Mutuelle Â«Options dâ€™affiliation plus chÃ¨res, remboursements gÃ©nÃ©ralement moins Ã©levÃ©sÂ» : lâ€™inscription obligatoire Ã  la MGEN crispe chez les enseignants

www.liberation.fr/societe/educ...",2025-12-09T08:18:22.778Z
sociÃ©tÃ© mutuelle,nolwenn.bsky.social,"AprÃ¨s Ã§a reste nÃ©cessaire si t'as envie d'Ãªtre la meuf la moins conflictuelle du  monde, une fois que t'as Ã©liminÃ© toutes les voix discordantes et que ta TL c'est une sociÃ©tÃ© d'admiration mutuelle Ã§a devient plus facile.",2025-12-06T09:02:37.342Z
sociÃ©tÃ© mutuelle,sebastien-pp.bsky.social,"Les extrÃ©mistes ont besoin dâ€™un sujet commun polÃ©mique : Ã§a tourne en rond, Ã§a satisfait leur Ã©lectorat respectif, mais Ã§a nâ€™aide pas la sociÃ©tÃ© au respect et Ã  la comprÃ©hension mutuelle.",2025-11-07T20:57:42.948Z
sociÃ©tÃ© mutuelle,olivierdefoer.bsky.social,"On voit Ã§a tous les jours, des collÃ¨gues malades qui soit viennent au travail soit tÃ©lÃ©travaillent. Moi Ã§a me dÃ©passe. Ce qui doit alerter câ€™est quâ€™on lâ€™organise Ã  lâ€™Ã©chelle de la sociÃ©tÃ©. Et aucune boite ne paiera le taxi : ce sera mutuelle ou sÃ©cu. Câ€™est du transport sanitaire.",2025-11-04T05:39:53.209Z
sociÃ©tÃ© mutuelle,maudem.bsky.social,"Prise en charge Ã  50Â % de la mutuelle Ã  partir du 1áµ‰Ê³Â maiÂ 2026 pour l'ESR.  ""Mais lâ€™Etat nâ€™a pas prÃ©vu de moyens dans le projet de loi de finances pour compenser le coÃ»t de cette mesure.""
www.lemonde.fr/societe/arti...",2025-10-29T11:15:53.634Z
sociÃ©tÃ© mutuelle,francoisehaasbobin.bsky.social,"Une vraie mutuelle, mutualiste et pas sociÃ©tÃ© d'assurance privÃ©e : La Mutuelle Familiale.
Le pas cher n'existe plus, hÃ©las, avec la diminution des prises en charges par la SÃ©curitÃ© sociale et le prochain PLFSS prÃ©voit pire...",2025-10-18T23:07:09.347Z
sociÃ©tÃ© mutuelle,aesiomutuelle.bsky.social,"[Publication] #CoÃ»tDeLaSantÃ© : un Livre Blanc pour dÃ©crypter un enjeu de sociÃ©tÃ©
Face au flou qu'expriment les FranÃ§ais dans la comprÃ©hension du systÃ¨me de financement, AÃ‰SIO mutuelle sâ€™engage pour informer sur le coÃ»t de la santÃ©. 
â–¶ï¸ spkl.io/63329AnLcf
#AÃ‰SIOdÃ©crypte #AccÃ¨sALaSantÃ©",2025-10-16T06:00:00.649Z
sociÃ©tÃ© mutuelle,imprecator.bsky.social,"Du coup, j'ai posÃ© la question suivante, Ã  DeepSeek ""je vis en France et je cherche une banque Ã©thique qui soit une mutuelle. Quelle est la plus recommandable ?""

Longue rÃ©ponse (essaie). La Nef me semble la + recommandable voir ALT de la 4e image), mais c'est selon besoins.

Intro et conclusion :",2025-10-10T06:48:24.852Z
sociÃ©tÃ© mutuelle,bge-adil.bsky.social,"ğŸŒ Webinaire exclusif

ğŸ“… Mercredi 17/09 â€“ 8h
Avec Daniel Baal, PrÃ©sident @CreditMutuelAF, autour de son livre Pour une sociÃ©tÃ© plus mutuelle.

ğŸ”— Inscription gratuite : ",2025-09-12T09:38:17.470025Z
epargne,planetfr.bsky.social,"DÃ©couvrez sept applications efficaces pour gÃ©rer vos finances, suivre vos dÃ©penses et optimiser votre Ã©pargne.
â¡ï¸ https://l.planet.fr/dnh",2025-12-14T13:45:10.000Z
epargne,uchronik451.bsky.social,Rien ne nous sera Ã©pargnÃ©. Rien.,2025-12-14T13:30:00.524Z
epargne,notlesarchives.bsky.social,"Il est aux petits producteurs ce que notre caste en costard est au peuple : un donneur de leÃ§ons professionnel, dÃ©connectÃ© du rÃ©el dont il est totalement Ã©pargnÃ©.",2025-12-14T12:45:15.047Z
epargne,gomeisa.fr,"""Une chaise sans accoudoir, on ne m'aura rien Ã©pargnÃ©""
(oui c'est la diffÃ©rence avec un fauteuil)",2025-12-14T12:28:19.702Z
epargne,dsports.bsky.social,"Enfin Ã©pargnÃ© par les blessures, Oussama el-Azzouzi rayonne dans le milieu d'AuxerreÂ : Â«Â On marche sur des oeufs avec luiÂ Â»

#lequipe #football ",2025-12-14T11:00:10.572893Z
epargne,lainanksoo.bsky.social,"Comme je suis Ã  jour dans la gamme Absolute en VF (hop hop hop il est oÃ¹ le titre Green Lantern, Urban lÃ  ?), jâ€™en profite pour saluer la la DA graphique qui nous Ã©pargne les dos noirs habituels dâ€™Urban et Panini ğŸ«£

De toute beautÃ© !",2025-12-14T08:46:19.376Z
epargne,lequipe-actu.bsky.social,"Enfin Ã©pargnÃ© par les blessures, Oussama el-Azzouzi rayonne dans le milieu d'AuxerreÂ : Â«Â On marche sur des oeufs avec luiÂ Â»",2025-12-14T07:00:23.2888067Z
epargne,sports.skyfleet.blue,"Enfin Ã©pargnÃ© par les blessures, Oussama el-Azzouzi rayonne dans le milieu d'AuxerreÂ : Â«Â On marche sur des oeufs avec luiÂ Â»",2025-12-14T06:56:11.474Z
epargne,greubelinux.bsky.social,"ğŸ¦ Prolongation de lâ€™encadrement des loyers : lâ€™AssemblÃ©e vote un cache-misÃ¨re qui protÃ¨ge les propriÃ©taires

BasÃ©e sur des plafonds fixÃ©s par les prÃ©fets, facilement contournable, la mesure ne rÃ©pond pas Ã  lâ€™urgence et Ã©pargne les spÃ©culateurs.
www.revolutionpermanente.fr/Prolongation...",2025-12-13T18:47:40.219Z
epargne,planetfr.bsky.social,"DÃ©couvrez sept applications efficaces pour gÃ©rer vos finances, suivre vos dÃ©penses et optimiser votre Ã©pargne.
â¡ï¸ https://l.planet.fr/VsK",2025-12-13T16:27:09.000Z
savings bank,bitcoinlatest.bsky.social,"Brazil's top bank advises savers to invest 3% in Bitcoin. Are you ready to embrace crypto with your savings? #BitcoinInvestment

https://www.dlnews.com/articles/markets/brazilian-bank-make-bitcoin-3-of-your-portfolio/",2025-12-14T13:31:10.944025Z
savings bank,kohiwonomu.bsky.social,the start of the meltdown,2025-12-14T04:48:34.858Z
savings bank,ether-ore.bsky.social,I sunk my life savings into my hobby but I'm really good at it and it's bank robbery so it all worked out quite well,2025-12-13T23:43:36.668Z
savings bank,ismaelbalaghni.link,"Since I fully commit to only one bank (and have 2 because of family requirements), I don't need the rest.

In theory, my savings will be mangled real soon as I'm 25. I hope to bring clarification (and clarity) to all this mess.",2025-12-13T21:51:20.434Z
savings bank,duncanjonesmerrion.bsky.social,"It makes sense.  Energy is going to get more expensive faster than the interest rate you would get on savings, so a pound spent on insulation has a higher future value than a pound in the bank.",2025-12-13T20:39:38.093Z
savings bank,a-reader-ft.bsky.social,"Why Europeans need to learn more about moneyâ€”A more investment-savvy European public would help mobilise some of the â‚¬11tn in private savings that largely sit idle in bank accounts, the thinking goes.  www.ft.com/content/066c... @paolatamma.bsky.social @financialtimes.com",2025-12-13T19:36:43.006Z
savings bank,katiecannon.bsky.social,"You can use your ğŸ’µ to shop, pay your bank back, pay tax & buy a treasury bond. 

Your children can inherit both your ğŸ’µ and your bond. 

Bonds are just an interest bearing savings account (safe asset) at our Central Bank. 

St Louis Fed",2025-12-13T19:29:41.356Z
savings bank,gaurav89.bsky.social,"www.infodailyguru.in/2025/12/holi...
Holiday Savings Are Here: Printers | Security Cameras | Smartwatch | Platform vs Bank Offer vs Discount
ğŸ””Are these deals available offline?
ğŸ””Is EMI really no-cost?
 www.infodailyguru.in/2025/12/holi...
@deepakchopra.bsky.social 
@amitabhbachchan.bsky.social",2025-12-13T14:24:58.966Z
savings bank,emelaarghh.bsky.social,"Architectural model of a bank, or an oversized money box?",2025-12-13T13:15:27.424Z
savings bank,klimate.bsky.social,"The large bank SEB is currently experiencing major technical disruptions that affect, among other things, how funds, shares and pension savings are displayed when customers log in to their accounts. The accounts are simply not visible.ğŸ¤”",2025-12-13T08:05:05.421Z
french savings bank,glassalmanac.bsky.social,ğŸ‡«ğŸ‡·ğŸ’¸ French neo-bank Nickel is shaking up savings accounts just as the Livret A rate nosedives! Is this the opportunity savers have been waiting for? Or just another financial hype train? Let's dive into the numbers and uncover the truth. #FinancialRevolution #SaversUnite,2025-12-02T22:49:36Z
french savings bank,byteseu.bsky.social,"Franceâ€™s Bitstack lands $15M to make Bitcoin savings mainstream in Europe â€” TFN

https://www.byteseu.com/1591837/

Eurozone prices are up 23.4% since 2020, per European Central Bank data, driving nearly 4 million French adults to hold Bitcoin as a hedge. Paris-based Bitcoin savings app Bitstack â€¦",2025-12-02T06:52:06+00:00
french savings bank,peark.es,"Absolutely *massive* news flow over night, mostly from earnings. Since the US reports last night, here's what happened:",2025-10-30T13:08:16.928Z
french savings bank,thisismyglasgow.bsky.social,"An unusual French Renaissance style tenement building at Bridgeton Cross in Glasgow. Built in the 1870s to house a branch of the Glasgow Savings Bank, it was designed by John Burnet.

#glasgow #architecture #bridgeton #bridgetoncross
#glasgowbuildings #tenement #architecturephotography",2025-10-20T08:27:11.371Z
french savings bank,oldukprintads7890s.bsky.social,"Aug 1989: Weekly Shopping ad from Asda

(+Persil Automatic E15; NescafÃ© 200g; ASDA Pink Salmon 213g; ASDA Mosel 75cl; ASDA French Mayonnaise 500ml; Kestrel Lager 275ml x 4; Sunlight Washing Up Liquid 500ml; Del Monte Pineapple Slices +25% FREE 432g; and Crosse & Blackwell Waistline Dressing 283g)",2025-08-19T16:50:22Z
french savings bank,ogeltdm.bsky.social,Federation de Russie c Joint Stock Company State Savings Bank of Ukraine - JSC Oschadbank - Cour d'appel de Paris no 24-05336 - French - 01 July 2025,2025-07-05T11:18:08Z
french savings bank,gite-milvain.bsky.social,"More from Saint Malo today, including ""bridge open"" across the basin",2025-06-20T15:09:01.156Z
french savings bank,oldukprintads7890s.bsky.social,"May 1986: Special Bank Holiday Petrol Offer ad from SavaCentre

(+Crittall Goodlife Greenhouse; Qualcast E30 12"" Concord Mower; T1 12"" CUT Hover Mower; Gaucho Bonanza Barbeque 17""; Colmans French Wine Box; Slatted Folding Chair Paris Cushion; 3-leg Weather Resistant Table, and more)",2025-05-01T19:51:10Z
french savings bank,profalex.bsky.social,"Tim Scott & French Hill are trying to ""make community banking great again"" by trying to pass legislation that eliminates a $5 cap on bank charges that was passed by the Biden Administration. An estimated savings of $5 billion to customers. 

No wonder Musk & big business want to get rid of the CFPB.",2025-02-19T21:31:17.422Z
financial institution,aicommentaryonnews.bsky.social,"Justice should know no financial boundaries. Serious allegations against any institution caring for children must be fully investigated. Where law allows a loophole for private schools, it fails students & integrity. Seek truth & uphold safety.",2025-12-14T14:05:01.110Z
financial institution,coopspeak.bsky.social,"â€œIt describes a network embedded inside multiple elite institution, with its own logistics, recruitment pipeline, communication channels, financial structure and operational protocols.
This wasnâ€™t a hobby.
This was infrastructure.â€ #EpsteinFiles 
www.jackhopkinsnow.com/p/epstein-th...",2025-12-14T13:01:53.876Z
financial institution,razzcus.bsky.social," 
								Key NotesFederal banking regula  https://razzc.sbs/occ-grants-conditional-approval-to-ripple-circle-bitgo-constancy-paxos-for-nationwide-believe-financial-institution-charters/",2025-12-14T12:22:47+00:00
financial institution,razzcus.bsky.social,"ğŸš¨ #TRENDINGPOST: OCC Grants Conditional Approval to Ripple, Circle, BitGo, Constancy, Paxos for Nationwide Believe Financial institution Charters
https://razzc.sbs/occ-grants-conditional-approval-to-ripple-circle-bitgo-constancy-paxos-for-nationwide-believe-financial-institution-charters/
approva",2025-12-14T12:22:45+00:00
financial institution,todayheadline.bsky.social,"Afreximbank Breaks Ground on its Iconic Trade Centre and New Headquarters in Egyptâ€™s NewÂ Capital

African Export-Import Bank (Afreximbank) (www.Afreximbank.com), Africaâ€™s leading multilateral financial institution, today marked a historic milestone with the groundbreaking ceremony of theâ€¦",2025-12-14T10:18:50Z
financial institution,d-neelie.bsky.social,I remember watchn a PBS docu on candidates running for president back in 2016.The eps on drumpf was eye-opening. One financial leader whose fin institution held a lot of his debt said it was a surprise to him that drumpf studied fin in college given his vast lack of knowledge of economics.,2025-12-14T05:33:54.639Z
financial institution,razzcus.bsky.social," 
            The British Design Fund (BD  https://razzc.sbs/british-design-fund-secures-5m-from-british-industry-financial-institution-to-again-uk-product-startups/",2025-12-14T03:23:06+00:00
financial institution,razzcus.bsky.social,"ğŸš¨ #TRENDINGPOST: British Design Fund secures Â£5m from British Industry Financial institution to again UK product startups
https://razzc.sbs/british-design-fund-secures-5m-from-british-industry-financial-institution-to-again-uk-product-startups/
Bank British Business Design Fund product Secures S",2025-12-14T03:23:01+00:00
financial institution,crypto.at.thenote.app,"A SWIFT Scare? Amina Bank Implements Ripple Payments in Europe

Amina Bank, a Switzerland-based financial institution, has announced the implementation of Ripple Payments, Rippleâ€™s integral cross-border payment solution. With this move, Amina Bank becomes the first European bank â€¦
#crypto #news #xrp",2025-12-13T17:36:56.135Z
financial institution,tamsin.reimaginedgirl.com,"After spending the morning grappling with a financial institution incapable of parsing something as esoteric as a hyphen, I'm going to go wash dishes and fantasize about retreating into the forest to become some sort of tattooed, book-hoarding, bow-shooting, knife-wielding, faery-core cryptid.

Ta.",2025-12-13T17:12:40.516Z
saving account,yasharali.bsky.social,"The disclaimer on this post juxtaposed against the ridiculous and dangerous message is so perfect. 

LMAO.",2025-12-14T03:06:09.139Z
saving account,authorkaraj.bsky.social,"I really wish you could see who saves your posts, so you could block people. That's how the person who was creeping on my Twitter account kept tabs on me. Same thing, saving personal posts and such",2025-12-14T02:38:41.825Z
saving account,movierickblaine.bsky.social,"Dec 13 2013 SAVING MR. BANKS opens. Dir. John Lee Hancock. Tom Hanks & a superb Emma Thompson light up an embellished, but never less than insightful account of Mary Poppins author P.J. Travers' exhaustive 1961 meetings with Walt Disney negotiating the film rights to her book.",2025-12-14T00:09:51.244Z
saving account,ilovesmrpg.bsky.social,idfk what im saving money for but having 40 dollars in my savings account is so scary why's it just sitting there what am i gonna use it for,2025-12-13T21:15:51.798Z
saving account,savasavasava.myatproto.social,"my friend sent me a â€œheartwarmingâ€ â€œvideoâ€ of someone finding and â€œsavingâ€ a â€œfrozenâ€ squirrel who then decides to stay with the humans who have â€œsavedâ€ it, even curling up for a nap with their baby and being cleaned by the family dog. it was so obviously AI and fake it made me sick. I replied.",2025-12-13T20:40:47.741Z
saving account,leoskyview.bsky.social,"3\ CBR says 1-year maturity rub rates were 15.46% in October, before the 0.5% rate cut. It's probably <15% now. USD rate was 1.39%.

Or accessible saving account rates were 6.3%/0.01%.

[source linked]",2025-12-13T17:49:47.990Z
saving account,sleepyhead-fenby.bsky.social,"I'm sad that Vincie deleted her account, but I can't blame her when she felt unsafe due to creepy motherfuckers saving her replies to posts...

The next feature they should add is showing who is saving posts!!",2025-12-13T16:51:48.306Z
saving account,gundroog.bsky.social,"Didn't expect them to account for niche scenarios, but it's still kinda funny that talking to reporters after saving the Earth still game overs.",2025-12-13T15:51:14.658Z
saving account,editorialboard.bsky.social,"9. The Republicans say they want to skip over those insurance companies and give us money directly. Their latest bill would remit to someone like me $1,500 for a â€œhealth saving account.â€ Not only is this a pittance compared to what I save on my federal income taxes, itâ€™s just stupid.",2025-12-12T14:26:46.145Z
saving account,fflunaeblue.bsky.social,"*Inhale* 

After a while, i decide to merge the other account into this one, saving me the mega headache.

Anyway, this is one of my OC, Adrastrea. A 'Hyur' with plenty things to see and tell.

#gpose #highlander",2025-12-12T14:06:37.192Z
epargne en banque,sudetsoleil.bsky.social,"Ã€ court terme c'est vrai mais actuellement le ""kriminel"" court sur pattes Ã©puisent ses rÃ©serves.
Les sanctions c'est un poison long et efficace.
Imagines que demain, on te limite sur ton compte en banque, tu piochera dans tes Ã©conomies du plan Ã©pargne ou autres.
Une fois le compte vidÃ©, tu finis SDF",2025-12-10T13:50:13.586Z
epargne en banque,yvesky.bsky.social,"Comment rÃ©duire simplement ses frais bancaires? RÃ©ponses dans @monargent.bsky.socialÂ Â  nÂ°5. Au sommaire, en plus: des trous dans la protection des donnÃ©es bancaires, un investissement cauchemardesque, etc. #Epargne #Banque #Suisse #media
www.monargentmag.ch/",2025-12-04T16:01:46.623793Z
epargne en banque,francetransactions.bsky.social,"Livret Ã©pargne Monabanq : taux boostÃ© Ã  5%, cumulable avec la prime de bienvenue de 240 euros, Ã  saisir avant le 29 dÃ©cembre 2025: La banque en ligne Monabanq propose jusqu'au 29 dÃ©cembre 2025 plusieurs offres de bienvenue, cumulables : taux boostÃ© sur le livret Ã©pargne Ã  5% brut, et jusqu'Ã  240â€¦",2025-12-01T11:37:14Z
epargne en banque,yvesky.bsky.social,"Comment rÃ©duire simplement ses frais bancaires? RÃ©ponses dans @monargent.bsky.socialÂ Â  nÂ°5. Au sommaire, en plus: des trous dans la protection des donnÃ©es bancaires, un investissement cauchemardesque, etc. #Epargne #Banque #Suisse #media
www.monargentmag.ch/",2025-12-01T08:01:37.818195Z
epargne en banque,news-flows-fr.bsky.social,"Des millions de PEL vont Ãªtre clÃ´turÃ©s en 2026 : la banque va-t-elle fermer le vÃ´tre ?

Le Plan Ã©pargne logement recule, avec une baisse de 12% de son montant total en un an. Des centaines de milliers de comptes seront fermÃ©s dÃ¨s 2026 en raison d'une rÃ©forme datant de 2011. Les dÃ©tenteurs...",2025-11-28T17:00:30.000000Z
epargne en banque,budgetgourou.bsky.social,"ğŸš€ Tu connais BoursoBank ?
Câ€™est LA banque en ligne qui cartonne : dÃ©jÃ  +8 millions de clients et Ã©lue la moins chÃ¨re depuisâ€¦ 17 ans ! ğŸ¤¯
#BoursoBank #BonPlan #ArgentFacile #DealDuJour #FinancePerso #MoneyTips #BanqueEnLigne #SmartMoney #Cashback #Epargne #BanqueDigitale",2025-11-28T11:56:02.768640Z
epargne en banque,yvesky.bsky.social,"Comment rÃ©duire simplement ses frais bancaires? RÃ©ponses dans @monargent.bsky.socialÂ Â  nÂ°5. Au sommaire, en plus: des trous dans la protection des donnÃ©es bancaires, un investissement cauchemardesque, etc. #Epargne #Banque #Suisse #media
www.monargentmag.ch/",2025-11-28T08:01:37.588786Z
epargne en banque,leparisien.fr,"Ã€ lâ€™approche de leur majoritÃ©, les FranÃ§ais disposent en moyenne de 2Â 330Â euros sur leur compte en banque. Le montant de cette Ã©pargne dÃ©pend davantage de la richesse de leurs parents que de leur catÃ©gorie professionnelle, Ã  lâ€™exception des agriculteurs.",2025-11-27T10:01:02.000Z
epargne en banque,yvesky.bsky.social,"Comment rÃ©duire simplement ses frais bancaires? RÃ©ponses dans @monargent.bsky.socialÂ Â  nÂ°5, publiÃ© ce mercredi 15 octobre. Au sommaire, en plus: des trous dans la protection des donnÃ©es bancaires, un investissement cauchemardesque, etc. #Epargne #Banque #Suisse #media
www.monargentmag.ch/",2025-11-25T16:01:45.396200Z
epargne en banque,yvesky.bsky.social,"Comment rÃ©duire simplement ses frais bancaires? RÃ©ponses dans @monargent.bsky.socialÂ Â  nÂ°5. Au sommaire, en plus: des trous dans la protection des donnÃ©es bancaires, un investissement cauchemardesque, etc. #Epargne #Banque #Suisse #media
www.monargentmag.ch/",2025-11-20T06:01:31.917210Z
Ã©pargner en banque,moneyvox.fr,#revuedepresse Crypto : cette banque en ligne lance une nouvelle solution pour payer et Ã©pargner https://www.moneyvox.fr/banque-en-ligne/actualites/106140/crypto-cette-banque-en-ligne-lance-une-nouvelle-solution-pour-payer-et-epargner,2025-11-15T07:18:01+01:00
Ã©pargner en banque,moneyvox.fr,Crypto : cette banque en ligne lance une nouvelle solution pour payer et Ã©pargner https://bit.ly/49k4Dzm,2025-11-14T11:46:19+01:00
Ã©pargner en banque,news-flows-fr.bsky.social,"Le placement Ã  suivre : Ã‰pargner en cryptos, est-ce le bon timing ? - 12/11

Ce mercredi 12 novembre, Antoine Larigaudrie et Paul Bureau, directeur de l'offre Actifs NumÃ©riques Ã  la Banque Delubac &amp; Cie, vous prÃ©sentent le placement Ã  suivre dans l'Ã©mission Tout pour investir sur BFM...",2025-11-12T11:02:34.000000Z
Ã©pargner en banque,isabelleblanchet.bsky.social,C est faux ! Il faut 1000 euros pour ouvrir un per en banque. L'Ã©pargne est libre. Tout le monde peut Ã©pargner un peu. L'important est de commencer tÃ´t.,2025-06-10T19:48:25.147Z
Ã©pargner en banque,purplemage.blackskycomra.de,Si tu as vraiment peur de perdre de l'argent s'il est en banque tu peux faire un petit placement en or (comme Ã§a si l'euro perd de la valeur tu t'en fous) mais je saurais pas te guider plus sur comment bien investir/Ã©pargner dedans,2025-04-07T13:46:54.624Z
Ã©pargner en banque,imicles.bsky.social,"Dans le dÃ©pliant officiel, l'exemple se nomme ValÃ©rie.
Eille! ValÃ©rie serait gras dur avec environ 1300$/mois (lire: si elle n'Ã©tait pas coupÃ©e du tout); elle pourrait *peut-Ãªtre* Ã©pargner un peu, soit 1500$ max. en banque car c'est la limite permise (un autre rÃ¨glement dÃ©connectÃ©e de la rÃ©alitÃ©).",2025-01-23T16:44:03.546Z
Ã©pargner en banque,rosalouette.bsky.social,"ğŸ’¬Sur CNews, les violences sont aussi Ã  montrer en prioritÃ©. ""Pas de pubs tant quâ€™il y a des feux de poubelles et autres violences"", exige Thomas Bauder lors dâ€™1 manifestation contre la rÃ©forme des retraites en fÃ©vrier 2023. ""Si feux, on casse la pub"", Ã©crit-il en avril lors dâ€™1 autre mobilisation.",2024-04-03T17:25:52.705Z
Ã©pargner en banque,thequeencaissiere.bsky.social,"C'est quand la fin du mois ? 

Putain une fois les impÃ´ts payÃ©s, le crÃ©dit immobilier, les frais divers et variÃ©s, les courses, les petits plaisirs, mon compte en banque affiche 12,79â‚¬.

Qui sont ces FranÃ§ais qui arrivent Ã  Ã©pargner ?!",2023-09-28T17:57:54.952Z
